Title,Image,Offer,Expiry Date,Link,Credit Card
Hotel Discount With Visa Signature,https://promos.makemytrip.com/appfest/2x/visa-signature-bg-26032025.jpg,"Flat 15% MyCash Cashback in MMT wallet	",31st March 2026,https://www.makemytrip.com/promos/visa-signature-credit-cards-offer-280325.html?detail_image=no,MakeMyTrip ICICI Bank Signature Credit Card
Hotel Discount With Visa Signature,https://promos.makemytrip.com/appfest/2x/visa-signature-bg-26032025.jpg,"Flat 15% MyCash Cashback in MMT wallet	",31st March 2026,https://www.makemytrip.com/promos/visa-signature-credit-cards-offer-280325.html?detail_image=no,Axis Bank Neo Credit Card
Hotel Discount With Visa Signature,https://promos.makemytrip.com/appfest/2x/visa-signature-bg-26032025.jpg,"Flat 15% MyCash Cashback in MMT wallet	",31st March 2026,https://www.makemytrip.com/promos/visa-signature-credit-cards-offer-280325.html?detail_image=no,SBI Card Miles Elite
Hotel Discount With Visa Signature,https://promos.makemytrip.com/appfest/2x/visa-signature-bg-26032025.jpg,"Flat 15% MyCash Cashback in MMT wallet	",31st March 2026,https://www.makemytrip.com/promos/visa-signature-credit-cards-offer-280325.html?detail_image=no,PVR INOX Kotak Credit Card
Hotel Discount With Visa Signature,https://promos.makemytrip.com/appfest/2x/visa-signature-bg-26032025.jpg,"Flat 15% MyCash Cashback in MMT wallet	",31st March 2026,https://www.makemytrip.com/promos/visa-signature-credit-cards-offer-280325.html?detail_image=no,Aditya Birla SBI Card Select
Hotel Discount With Visa Signature,https://promos.makemytrip.com/appfest/2x/visa-signature-bg-26032025.jpg,"Flat 15% MyCash Cashback in MMT wallet	",31st March 2026,https://www.makemytrip.com/promos/visa-signature-credit-cards-offer-280325.html?detail_image=no,Skywards ICICI Bank Emerald Credit Card
Hotel Discount With Visa Signature,https://promos.makemytrip.com/appfest/2x/visa-signature-bg-26032025.jpg,"Flat 15% MyCash Cashback in MMT wallet	",31st March 2026,https://www.makemytrip.com/promos/visa-signature-credit-cards-offer-280325.html?detail_image=no,VISA Signature Credit Card
Hotel Discount With Visa Signature,https://promos.makemytrip.com/appfest/2x/visa-signature-bg-26032025.jpg,"Flat 15% MyCash Cashback in MMT wallet	",31st March 2026,https://www.makemytrip.com/promos/visa-signature-credit-cards-offer-280325.html?detail_image=no,Club Vistara SBI Card Prime
Hotel Discount With Visa Signature,https://promos.makemytrip.com/appfest/2x/visa-signature-bg-26032025.jpg,"Flat 15% MyCash Cashback in MMT wallet	",31st March 2026,https://www.makemytrip.com/promos/visa-signature-credit-cards-offer-280325.html?detail_image=no,InterMiles HDFC Bank Signature Credit Card
Hotel Discount With Visa Signature,https://promos.makemytrip.com/appfest/2x/visa-signature-bg-26032025.jpg,"Flat 15% MyCash Cashback in MMT wallet	",31st March 2026,https://www.makemytrip.com/promos/visa-signature-credit-cards-offer-280325.html?detail_image=no,Axis Bank Miles And More World Select Credit Card
Hotel Discount With Visa Signature,https://promos.makemytrip.com/appfest/2x/visa-signature-bg-26032025.jpg,"Flat 15% MyCash Cashback in MMT wallet	",31st March 2026,https://www.makemytrip.com/promos/visa-signature-credit-cards-offer-280325.html?detail_image=no,Shaurya Select SBI Card
Hotel Discount With Visa Signature,https://promos.makemytrip.com/appfest/2x/visa-signature-bg-26032025.jpg,"Flat 15% MyCash Cashback in MMT wallet	",31st March 2026,https://www.makemytrip.com/promos/visa-signature-credit-cards-offer-280325.html?detail_image=no,IndusInd Tiger Credit Card
Hotel Discount With Visa Signature,https://promos.makemytrip.com/appfest/2x/visa-signature-bg-26032025.jpg,"Flat 15% MyCash Cashback in MMT wallet	",31st March 2026,https://www.makemytrip.com/promos/visa-signature-credit-cards-offer-280325.html?detail_image=no,One Card Credit Card
Hotel Discount With Visa Signature,https://promos.makemytrip.com/appfest/2x/visa-signature-bg-26032025.jpg,"Flat 15% MyCash Cashback in MMT wallet	",31st March 2026,https://www.makemytrip.com/promos/visa-signature-credit-cards-offer-280325.html?detail_image=no,IndusInd Indulge Credit Card
Hotel Discount With Visa Signature,https://promos.makemytrip.com/appfest/2x/visa-signature-bg-26032025.jpg,"Flat 15% MyCash Cashback in MMT wallet	",31st March 2026,https://www.makemytrip.com/promos/visa-signature-credit-cards-offer-280325.html?detail_image=no,Axis Bank Magnus Credit Card
Hotel Discount With Visa Signature,https://promos.makemytrip.com/appfest/2x/visa-signature-bg-26032025.jpg,"Flat 15% MyCash Cashback in MMT wallet	",31st March 2026,https://www.makemytrip.com/promos/visa-signature-credit-cards-offer-280325.html?detail_image=no,Insignia Preferred Banking Card
Hotel Discount With Visa Signature,https://promos.makemytrip.com/appfest/2x/visa-signature-bg-26032025.jpg,"Flat 15% MyCash Cashback in MMT wallet	",31st March 2026,https://www.makemytrip.com/promos/visa-signature-credit-cards-offer-280325.html?detail_image=no,PSB SBI Card Elite
Hotel Discount With Visa Signature,https://promos.makemytrip.com/appfest/2x/visa-signature-bg-26032025.jpg,"Flat 15% MyCash Cashback in MMT wallet	",31st March 2026,https://www.makemytrip.com/promos/visa-signature-credit-cards-offer-280325.html?detail_image=no,IDFC First Bank First Wow Credit Card
Hotel Discount With Visa Signature,https://promos.makemytrip.com/appfest/2x/visa-signature-bg-26032025.jpg,"Flat 15% MyCash Cashback in MMT wallet	",31st March 2026,https://www.makemytrip.com/promos/visa-signature-credit-cards-offer-280325.html?detail_image=no,SpiceJet Axis Bank Voyage Credit Card
Hotel Discount With Visa Signature,https://promos.makemytrip.com/appfest/2x/visa-signature-bg-26032025.jpg,"Flat 15% MyCash Cashback in MMT wallet	",31st March 2026,https://www.makemytrip.com/promos/visa-signature-credit-cards-offer-280325.html?detail_image=no,ICICI Bank Sapphiro Credit Card
Hotel Discount With Visa Signature,https://promos.makemytrip.com/appfest/2x/visa-signature-bg-26032025.jpg,"Flat 15% MyCash Cashback in MMT wallet	",31st March 2026,https://www.makemytrip.com/promos/visa-signature-credit-cards-offer-280325.html?detail_image=no,IDFC First Bank First Private Credit Card
Hotel Discount With Visa Signature,https://promos.makemytrip.com/appfest/2x/visa-signature-bg-26032025.jpg,"Flat 15% MyCash Cashback in MMT wallet	",31st March 2026,https://www.makemytrip.com/promos/visa-signature-credit-cards-offer-280325.html?detail_image=no,IndusInd Bank Club Vistara Explorer Credit Card
Hotel Discount With Visa Signature,https://promos.makemytrip.com/appfest/2x/visa-signature-bg-26032025.jpg,"Flat 15% MyCash Cashback in MMT wallet	",31st March 2026,https://www.makemytrip.com/promos/visa-signature-credit-cards-offer-280325.html?detail_image=no,ICICI Bank Emeralde Credit Card
Hotel Discount With Visa Signature,https://promos.makemytrip.com/appfest/2x/visa-signature-bg-26032025.jpg,"Flat 15% MyCash Cashback in MMT wallet	",31st March 2026,https://www.makemytrip.com/promos/visa-signature-credit-cards-offer-280325.html?detail_image=no,Bajaj Finserv DBS Bank 10X Plus Signature SuperCard
Hotel Discount With Visa Signature,https://promos.makemytrip.com/appfest/2x/visa-signature-bg-26032025.jpg,"Flat 15% MyCash Cashback in MMT wallet	",31st March 2026,https://www.makemytrip.com/promos/visa-signature-credit-cards-offer-280325.html?detail_image=no,Axis Bank Privilege Credit Card
Hotel Discount With Visa Signature,https://promos.makemytrip.com/appfest/2x/visa-signature-bg-26032025.jpg,"Flat 15% MyCash Cashback in MMT wallet	",31st March 2026,https://www.makemytrip.com/promos/visa-signature-credit-cards-offer-280325.html?detail_image=no,IndusInd InterMiles Odyssey Visa Credit Card
Hotel Discount With Visa Signature,https://promos.makemytrip.com/appfest/2x/visa-signature-bg-26032025.jpg,"Flat 15% MyCash Cashback in MMT wallet	",31st March 2026,https://www.makemytrip.com/promos/visa-signature-credit-cards-offer-280325.html?detail_image=no,SBI Card Elite
Hotel Discount With Visa Signature,https://promos.makemytrip.com/appfest/2x/visa-signature-bg-26032025.jpg,"Flat 15% MyCash Cashback in MMT wallet	",31st March 2026,https://www.makemytrip.com/promos/visa-signature-credit-cards-offer-280325.html?detail_image=no,ICICI Manchester United Signature Credit Card
Hotel Discount With Visa Signature,https://promos.makemytrip.com/appfest/2x/visa-signature-bg-26032025.jpg,"Flat 15% MyCash Cashback in MMT wallet	",31st March 2026,https://www.makemytrip.com/promos/visa-signature-credit-cards-offer-280325.html?detail_image=no,YES Bank Marquee Credit Card
Hotel Discount With Visa Signature,https://promos.makemytrip.com/appfest/2x/visa-signature-bg-26032025.jpg,"Flat 15% MyCash Cashback in MMT wallet	",31st March 2026,https://www.makemytrip.com/promos/visa-signature-credit-cards-offer-280325.html?detail_image=no,Axis Bank Signature Credit Card
Hotel Discount With Visa Signature,https://promos.makemytrip.com/appfest/2x/visa-signature-bg-26032025.jpg,"Flat 15% MyCash Cashback in MMT wallet	",31st March 2026,https://www.makemytrip.com/promos/visa-signature-credit-cards-offer-280325.html?detail_image=no,Marriott Bonvoy HDFC Credit Card
Hotel Discount With Visa Signature,https://promos.makemytrip.com/appfest/2x/visa-signature-bg-26032025.jpg,"Flat 15% MyCash Cashback in MMT wallet	",31st March 2026,https://www.makemytrip.com/promos/visa-signature-credit-cards-offer-280325.html?detail_image=no,Adani One ICICI Signature Credit Card
Hotel Discount With Visa Signature,https://promos.makemytrip.com/appfest/2x/visa-signature-bg-26032025.jpg,"Flat 15% MyCash Cashback in MMT wallet	",31st March 2026,https://www.makemytrip.com/promos/visa-signature-credit-cards-offer-280325.html?detail_image=no,CITI PremierMiles Card
Hotel Discount With Visa Signature,https://promos.makemytrip.com/appfest/2x/visa-signature-bg-26032025.jpg,"Flat 15% MyCash Cashback in MMT wallet	",31st March 2026,https://www.makemytrip.com/promos/visa-signature-credit-cards-offer-280325.html?detail_image=no,LIC Axis Bank Signature Credit Card
Hotel Discount With Visa Signature,https://promos.makemytrip.com/appfest/2x/visa-signature-bg-26032025.jpg,"Flat 15% MyCash Cashback in MMT wallet	",31st March 2026,https://www.makemytrip.com/promos/visa-signature-credit-cards-offer-280325.html?detail_image=no,Yes RESERV Credit Card
Hotel Discount With Visa Signature,https://promos.makemytrip.com/appfest/2x/visa-signature-bg-26032025.jpg,"Flat 15% MyCash Cashback in MMT wallet	",31st March 2026,https://www.makemytrip.com/promos/visa-signature-credit-cards-offer-280325.html?detail_image=no,First Citizen Citi Credit Card
Hotel Discount With Visa Signature,https://promos.makemytrip.com/appfest/2x/visa-signature-bg-26032025.jpg,"Flat 15% MyCash Cashback in MMT wallet	",31st March 2026,https://www.makemytrip.com/promos/visa-signature-credit-cards-offer-280325.html?detail_image=no,Axis Bank Pride Signature Credit Card
Hotel Discount With Visa Signature,https://promos.makemytrip.com/appfest/2x/visa-signature-bg-26032025.jpg,"Flat 15% MyCash Cashback in MMT wallet	",31st March 2026,https://www.makemytrip.com/promos/visa-signature-credit-cards-offer-280325.html?detail_image=no,Central Bank of India SBI Card Elite
Hotel Discount With Visa Signature,https://promos.makemytrip.com/appfest/2x/visa-signature-bg-26032025.jpg,"Flat 15% MyCash Cashback in MMT wallet	",31st March 2026,https://www.makemytrip.com/promos/visa-signature-credit-cards-offer-280325.html?detail_image=no,IndusInd Crest Credit Card
Hotel Discount With Visa Signature,https://promos.makemytrip.com/appfest/2x/visa-signature-bg-26032025.jpg,"Flat 15% MyCash Cashback in MMT wallet	",31st March 2026,https://www.makemytrip.com/promos/visa-signature-credit-cards-offer-280325.html?detail_image=no,IndusInd Pioneer Heritage Credit Card
Hotel Discount With Visa Signature,https://promos.makemytrip.com/appfest/2x/visa-signature-bg-26032025.jpg,"Flat 15% MyCash Cashback in MMT wallet	",31st March 2026,https://www.makemytrip.com/promos/visa-signature-credit-cards-offer-280325.html?detail_image=no,IDFC First Power+ Credit Card
Hotel Discount With Visa Signature,https://promos.makemytrip.com/appfest/2x/visa-signature-bg-26032025.jpg,"Flat 15% MyCash Cashback in MMT wallet	",31st March 2026,https://www.makemytrip.com/promos/visa-signature-credit-cards-offer-280325.html?detail_image=no,All Miles Credit Card
Hotel Discount With Visa Signature,https://promos.makemytrip.com/appfest/2x/visa-signature-bg-26032025.jpg,"Flat 15% MyCash Cashback in MMT wallet	",31st March 2026,https://www.makemytrip.com/promos/visa-signature-credit-cards-offer-280325.html?detail_image=no,IDFC Bank IDFC First Wealth Credit Card
Hotel Discount With Visa Signature,https://promos.makemytrip.com/appfest/2x/visa-signature-bg-26032025.jpg,"Flat 15% MyCash Cashback in MMT wallet	",31st March 2026,https://www.makemytrip.com/promos/visa-signature-credit-cards-offer-280325.html?detail_image=no,IDFC First Select Credit Card
Hotel Discount With Visa Signature,https://promos.makemytrip.com/appfest/2x/visa-signature-bg-26032025.jpg,"Flat 15% MyCash Cashback in MMT wallet	",31st March 2026,https://www.makemytrip.com/promos/visa-signature-credit-cards-offer-280325.html?detail_image=no,MoneyTap Black Card
Hotel Discount With Visa Signature,https://promos.makemytrip.com/appfest/2x/visa-signature-bg-26032025.jpg,"Flat 15% MyCash Cashback in MMT wallet	",31st March 2026,https://www.makemytrip.com/promos/visa-signature-credit-cards-offer-280325.html?detail_image=no,Axis Bank Vistara Signature Credit Card
Hotel Discount With Visa Signature,https://promos.makemytrip.com/appfest/2x/visa-signature-bg-26032025.jpg,"Flat 15% MyCash Cashback in MMT wallet	",31st March 2026,https://www.makemytrip.com/promos/visa-signature-credit-cards-offer-280325.html?detail_image=no,Air India SBI Signature Card
Hotel Discount With Visa Signature,https://promos.makemytrip.com/appfest/2x/visa-signature-bg-26032025.jpg,"Flat 15% MyCash Cashback in MMT wallet	",31st March 2026,https://www.makemytrip.com/promos/visa-signature-credit-cards-offer-280325.html?detail_image=no,IndusInd Pioneer Legacy Credit Card
Hotel Discount With Visa Signature,https://promos.makemytrip.com/appfest/2x/visa-signature-bg-26032025.jpg,"Flat 15% MyCash Cashback in MMT wallet	",31st March 2026,https://www.makemytrip.com/promos/visa-signature-credit-cards-offer-280325.html?detail_image=no,AU Small Finance Bank Zenith Credit Card
Hotel Discount With Visa Signature,https://promos.makemytrip.com/appfest/2x/visa-signature-bg-26032025.jpg,"Flat 15% MyCash Cashback in MMT wallet	",31st March 2026,https://www.makemytrip.com/promos/visa-signature-credit-cards-offer-280325.html?detail_image=no,Yes Bank Card Anq Phi Credit Card
Hotel Discount With Visa Signature,https://promos.makemytrip.com/appfest/2x/visa-signature-bg-26032025.jpg,"Flat 15% MyCash Cashback in MMT wallet	",31st March 2026,https://www.makemytrip.com/promos/visa-signature-credit-cards-offer-280325.html?detail_image=no,KVB SBI Signature Card
Hotel Discount With Visa Signature,https://promos.makemytrip.com/appfest/2x/visa-signature-bg-26032025.jpg,"Flat 15% MyCash Cashback in MMT wallet	",31st March 2026,https://www.makemytrip.com/promos/visa-signature-credit-cards-offer-280325.html?detail_image=no,Indian Navy VARUNAH Premium
Hotel Discount With Visa Signature,https://promos.makemytrip.com/appfest/2x/visa-signature-bg-26032025.jpg,"Flat 15% MyCash Cashback in MMT wallet	",31st March 2026,https://www.makemytrip.com/promos/visa-signature-credit-cards-offer-280325.html?detail_image=no,Kotak Zen Signature Credit Card
Hotel Discount With Visa Signature,https://promos.makemytrip.com/appfest/2x/visa-signature-bg-26032025.jpg,"Flat 15% MyCash Cashback in MMT wallet	",31st March 2026,https://www.makemytrip.com/promos/visa-signature-credit-cards-offer-280325.html?detail_image=no,SBI Card Prime Advantage
Hotel Discount With Visa Signature,https://promos.makemytrip.com/appfest/2x/visa-signature-bg-26032025.jpg,"Flat 15% MyCash Cashback in MMT wallet	",31st March 2026,https://www.makemytrip.com/promos/visa-signature-credit-cards-offer-280325.html?detail_image=no,Federal Bank MagniFi Credit Card
Hotel Discount With Visa Signature,https://promos.makemytrip.com/appfest/2x/visa-signature-bg-26032025.jpg,"Flat 15% MyCash Cashback in MMT wallet	",31st March 2026,https://www.makemytrip.com/promos/visa-signature-credit-cards-offer-280325.html?detail_image=no,Samsung Axis Bank Signature Credit Card
Hotel Discount With Visa Signature,https://promos.makemytrip.com/appfest/2x/visa-signature-bg-26032025.jpg,"Flat 15% MyCash Cashback in MMT wallet	",31st March 2026,https://www.makemytrip.com/promos/visa-signature-credit-cards-offer-280325.html?detail_image=no,AU Bank Zenith+ Credit Card
Hotel Discount With Visa Signature,https://promos.makemytrip.com/appfest/2x/visa-signature-bg-26032025.jpg,"Flat 15% MyCash Cashback in MMT wallet	",31st March 2026,https://www.makemytrip.com/promos/visa-signature-credit-cards-offer-280325.html?detail_image=no,Axis Bank Select Credit Card
Hotel Discount With Visa Signature,https://promos.makemytrip.com/appfest/2x/visa-signature-bg-26032025.jpg,"Flat 15% MyCash Cashback in MMT wallet	",31st March 2026,https://www.makemytrip.com/promos/visa-signature-credit-cards-offer-280325.html?detail_image=no,IDFC First Power Credit Card
Hotel Discount With Visa Signature,https://promos.makemytrip.com/appfest/2x/visa-signature-bg-26032025.jpg,"Flat 15% MyCash Cashback in MMT wallet	",31st March 2026,https://www.makemytrip.com/promos/visa-signature-credit-cards-offer-280325.html?detail_image=no,IndusInd Pinnacle Credit Card
Hotel Discount With Visa Signature,https://promos.makemytrip.com/appfest/2x/visa-signature-bg-26032025.jpg,"Flat 15% MyCash Cashback in MMT wallet	",31st March 2026,https://www.makemytrip.com/promos/visa-signature-credit-cards-offer-280325.html?detail_image=no,Bajaj Finserv DBS Bank 10X Signature SuperCard
Hotel Discount With Visa Signature,https://promos.makemytrip.com/appfest/2x/visa-signature-bg-26032025.jpg,"Flat 15% MyCash Cashback in MMT wallet	",31st March 2026,https://www.makemytrip.com/promos/visa-signature-credit-cards-offer-280325.html?detail_image=no,Axis Bank Reserve Credit Card
Hotel Discount With Visa Signature,https://promos.makemytrip.com/appfest/2x/visa-signature-bg-26032025.jpg,"Flat 15% MyCash Cashback in MMT wallet	",31st March 2026,https://www.makemytrip.com/promos/visa-signature-credit-cards-offer-280325.html?detail_image=no,Axis Bank SpiceJet Voyage Black Credit Card
Hotel Discount With Visa Signature,https://promos.makemytrip.com/appfest/2x/visa-signature-bg-26032025.jpg,"Flat 15% MyCash Cashback in MMT wallet	",31st March 2026,https://www.makemytrip.com/promos/visa-signature-credit-cards-offer-280325.html?detail_image=no,Axis Bank Atlas Credit Card
Hotel Discount With Visa Signature,https://promos.makemytrip.com/appfest/2x/visa-signature-bg-26032025.jpg,"Flat 15% MyCash Cashback in MMT wallet	",31st March 2026,https://www.makemytrip.com/promos/visa-signature-credit-cards-offer-280325.html?detail_image=no,Yes ELITE Credit Card
Hotel Discount With Visa Signature,https://promos.makemytrip.com/appfest/2x/visa-signature-bg-26032025.jpg,"Flat 15% MyCash Cashback in MMT wallet	",31st March 2026,https://www.makemytrip.com/promos/visa-signature-credit-cards-offer-280325.html?detail_image=no,PREMIER Credit card
Hotel Discount With Visa Signature,https://promos.makemytrip.com/appfest/2x/visa-signature-bg-26032025.jpg,"Flat 15% MyCash Cashback in MMT wallet	",31st March 2026,https://www.makemytrip.com/promos/visa-signature-credit-cards-offer-280325.html?detail_image=no,IndusInd Legend Credit Card
Hotel Discount With Visa Signature,https://promos.makemytrip.com/appfest/2x/visa-signature-bg-26032025.jpg,"Flat 15% MyCash Cashback in MMT wallet	",31st March 2026,https://www.makemytrip.com/promos/visa-signature-credit-cards-offer-280325.html?detail_image=no,Axis Bank Ace Credit Card
Hotel Discount With Visa Signature,https://promos.makemytrip.com/appfest/2x/visa-signature-bg-26032025.jpg,"Flat 15% MyCash Cashback in MMT wallet	",31st March 2026,https://www.makemytrip.com/promos/visa-signature-credit-cards-offer-280325.html?detail_image=no,Standard Chartered Ultimate Credit Card
Hotel Discount With Visa Signature,https://promos.makemytrip.com/appfest/2x/visa-signature-bg-26032025.jpg,"Flat 15% MyCash Cashback in MMT wallet	",31st March 2026,https://www.makemytrip.com/promos/visa-signature-credit-cards-offer-280325.html?detail_image=no,HDFC Regalia Gold Credit Card
Hotel Discount With Visa Signature,https://promos.makemytrip.com/appfest/2x/visa-signature-bg-26032025.jpg,"Flat 15% MyCash Cashback in MMT wallet	",31st March 2026,https://www.makemytrip.com/promos/visa-signature-credit-cards-offer-280325.html?detail_image=no,SBI Card Prime
Hotel Discount With Visa Signature,https://promos.makemytrip.com/appfest/2x/visa-signature-bg-26032025.jpg,"Flat 15% MyCash Cashback in MMT wallet	",31st March 2026,https://www.makemytrip.com/promos/visa-signature-credit-cards-offer-280325.html?detail_image=no,RBL Bank World Safari Credit Card
Hotel Discount With Visa Signature,https://promos.makemytrip.com/appfest/2x/visa-signature-bg-26032025.jpg,"Flat 15% MyCash Cashback in MMT wallet	",31st March 2026,https://www.makemytrip.com/promos/visa-signature-credit-cards-offer-280325.html?detail_image=no,Axis Bank My Wings Credit Card
Hotel Discount With Visa Signature,https://promos.makemytrip.com/appfest/2x/visa-signature-bg-26032025.jpg,"Flat 15% MyCash Cashback in MMT wallet	",31st March 2026,https://www.makemytrip.com/promos/visa-signature-credit-cards-offer-280325.html?detail_image=no,Royale Signature Credit Card
