Serial Number,Eligible Credit Cards,Credit Card Image,Hotel Benefit
1,Indusind Indus Solitaire Credit Card,https://static.wixstatic.com/media/257766_c197dba400ed4b739fd57d0ebff608f3~mv2.png,"Exclusive 1+1 deals on buffets at hotels and 2X (double) EazyPoints every time they eat out, redeemable for free meals, free 5-star hotel stays &amp; exclusive foodie events"
2,Indusind InterMiles Odyssey Amex Credit Card,https://static.wixstatic.com/media/257766_fd3be31e4c6a43219ee30bc0db61069f~mv2.png,Hotel discount voucher worth INR 2500 on booking hotels
3,Aditya Birla SBI Card Select,https://static.wixstatic.com/media/f836e8_d324e0457822444d92d64afd0fd41998~mv2.webp,Effective dining/entertainment/hotel cashback rate: 2
4,HDFC Pixel Play Credit Card,https://static.wixstatic.com/media/f836e8_b2ce0712ecac4bfdbf175406074af437~mv2.jpg,Uber
5,Club Vistara SBI Card Prime,https://static.wixstatic.com/media/f836e8_2a2585523b48486187d6c84df2c63edc~mv2.webp,"5 lakhs &amp; INR 8 lakhs and 1 hotel voucher from Yatra worth INR 10,000 on reaching annual spends of INR 8 lakhs"
6,Shaurya Select SBI Credit Card,https://static.wixstatic.com/media/f836e8_43bd54bd72f24f6a87fd5d3dd9b9192d~mv2.webp,"A voucher worth INR 7,000 from Yatra or Pantaloons on achieving annual spends of INR 5 Lakhs"
7,HDFC Bank Platinum Times Credit Card,https://static.wixstatic.com/media/2a565f_6c870b21eeb84b3480025cb12c85def4~mv2.webp,"Customers will get up to 20% off on online and offline - shopping, wellness and hotel stay"
8,Doctor's SBI Card ,https://static.wixstatic.com/media/f836e8_c2b7cb133b0d4a5aa6967ab32a9b7764~mv2.webp,"1,500 from Yatra; Milestone Benefit: Users will get a gift voucher from Yatra"
9,MakeMyTrip ICICI Bank Credit Card,https://static.wixstatic.com/media/200895_707119bcd6394d799827eec071c26674~mv2.png,"They will also get MakeMyTrip voucher of INR 1,000, which is valid for one year, on payment of joining fees; Reward System : Cardholders will get 6% myCash on hotel bookings, over and above the discounts on MakeMyTrip; Hotel cashback rate: 6%; Milestone Benefit : MakeMyTrip Hotel voucher of INR 1000 valid for three months, on payment of annual fees"
10,The PNB Global Platinum Credit Card,https://static.wixstatic.com/media/2a565f_91c1f302b02040279781c2fe4498f4be~mv2.jpg,"This card provides assistance in Travel- airline and hotel bookings, Pre-trip- passport and visa assistance; Flower &amp; gift booking and delivery assistance"
11,Indusind Indulge Credit Card,https://static.wixstatic.com/media/257766_c8a063661b8b47f0980e58bdc2345af2~mv2.jpg,"Travel benefits: Travel insurance, air miles, or hotel discounts"
12,Indusind Platinum Aura Edge Credit Card,https://static.wixstatic.com/media/f836e8_a50ba7e80cec472da60634b49559f8be~mv2.webp,(3) Travel Plan: Users get 2% cashback on hotel bookings
13,Axis Bank Magnus Credit Card,https://static.wixstatic.com/media/f836e8_c37ce1020b854f3aa9419574c950ff07~mv2.webp,"Welcome Benefit: Customers can choose any voucher worth INR 12,500 from options like Luxe gift card, The Postcard Hotels gift voucher, or Yatra gift voucher"
14,HDFC Bank Titanium Times Card,https://static.wixstatic.com/media/2a565f_17396982a76f41d587d6e7a01aa411e5~mv2.webp,"Up to 20% off on online and offline - shopping, wellness, and hotel stays 2 reward points on every Rs 150 retail spent"
15,RBL Bank Insignia Preferred Banking Card,https://static.wixstatic.com/media/2a565f_b22ca576cd8741539a95d811136143df~mv2.webp,"8,000 on their favourite brands (Amazon, Myntra, Croma, MakeMyTrip &amp; Taj) on spends of Rs"
16,PSB SBI Card Elite,https://static.wixstatic.com/media/f836e8_1479670962f641409cf8df1a6d0145f8~mv2.webp,"Welcome Benefit:  Users will get a welcome gift voucher worth INR 5,000 from any of the following brands: Bata/Hush Puppies, Aditya Birla Fashion, Pantaloons, Shoppers Stop and Yatra"
17,Simplyclick Advantage SBI Card,https://static.wixstatic.com/media/f836e8_d2593645c32a4dd3ab935b4856fca7e0~mv2.webp,"1,500 from Yatra; Milestone Benefit: Users will get a gift voucher from Yatra"
18,Aditya Birla SBI Card,https://static.wixstatic.com/media/f836e8_3b9c7c16a6994c04b472728ac5fe2283~mv2.webp,Reward System: 10 point on spend of every INR 100 on Apollo 24x7/BookMyShow/ Cleartrip/ Dominos/ Myntra/ Netmeds/ Swiggy/ Yatra
19,6E Rewards XL IndiGo HDFC Bank Credit Card,https://static.wixstatic.com/media/200895_31f14758690d43a6a1785306a4813a45~mv2.png,Effective dining/entertainment/hotel cashback rate: 1
20,UCO Bank SBI Card Prime,https://static.wixstatic.com/media/2a565f_bf006c87665142f0b0da945afd1aa20f~mv2.webp,Accor hotel vouchers worth Rs
21,Tata Card Select,https://static.wixstatic.com/media/2a565f_047ab264ceee46d0850d6f027f64e56b~mv2.webp,"Welcome Benefit: Users will get a voucher worth INR 3,000 from &nbsp;one of the following brands: Bata/Hush Puppies, Pantaloons,&nbsp;Aditya Birla Fashion, Shoppers Stop and Yatra; Gift voucher worth INR 7,000 from Yatra"
22,HSBC TravelOne Credit Card,https://static.wixstatic.com/media/200895_b88de8db852c4c79816b0399d0386ec3~mv2.png,"3,000 from any of the following brands: Yatra, Hush Puppies / Bata, Aditya Birla Fashion,and &nbsp;Westside"
23,ICICI Bank Emeralde Credit Card,https://static.wixstatic.com/media/2a565f_4977b5cc27504d9a97abcb0d446c4a97~mv2.webp,"Welcome benefit:  Users must download and log on to the HSBC India Mobile Banking app and spend INR10,000 within the first 30 days of openingtheir credit card account to get INR1,000 cashback, the Postcard Hotel voucher worth INR 3,000 and 3 months EazyDiner prime membership; Cardholders will save 15% on domestic and international holiday Bookings at Yatra, EaseMyTrip, PayTM Travel and ClearTrip"
24,Tata Platinum Card Select,https://static.wixstatic.com/media/f836e8_610fe482a1854fd989b49fab8e45e3ca~mv2.webp,"Travel perks:  Benefit from low mark-up fees on foreign currency transactions, reduced APR on ATM cash withdrawals abroad, complimentary travel insurance, and airport transfers (on specific spends), and no cancellation charges on domestic travel and hotel bookings"
25,Simplyclick SBI Card,https://static.wixstatic.com/media/f836e8_150b5ac8179a4e2fa56b34b949b3df68~mv2.webp,"Welcome Benefit: Users will get a gift voucher worth INR 3,000 from any of the following brands: Yatra, Hush Puppies / Bata, Aditya Birla Fashion, and Westside; Milestone Benefits: Users will get gift vouchers worth INR 3,000 from any of the following brands: Yatra, Hush Puppies / Bata, Westside,&nbsp;Aditya Birla Retail"
26,IndusInd Intermiles Odyssey Visa Credit Card ,https://static.wixstatic.com/media/257766_4e48da28b5414644a063f107de2f80d3~mv2.jpg,Reward System: Users will get 10 points on spending every INR 100 on Apollo 24x7/BookMyShow/ Cleartrip/ Dominos/ Myntra/ Netmeds/ Swiggy/ Yatra
27,IndusInd Celesta American Express Credit Card,https://static.wixstatic.com/media/257766_dfbdab64de6a46b89ed1cdb923a00bb1~mv2.jpg,Hotel discount voucher worth INR 2500 on booking hotels
28,Ixigo AU Travel Credit Card,https://static.wixstatic.com/media/f836e8_5aed859a4f92417aba2cdb619de131ca~mv2.webp,"Users will get discounts at leading restaurants, hotel properties, retail outlets and more whether you are in India or abroad (the restaurants and hotel offers are dynamic in nature and keep changing)"
29,6E Rewards Indigo HDFC Bank Credit Card,https://static.wixstatic.com/media/200895_31f14758690d43a6a1785306a4813a45~mv2.png,"1,000 worth of Ixigo money vouchers on making their first transaction within the first 30 days of card issuance; Reward Points:  Users will earn 20 reward points for every ?200 spent on Train bookings with ixigo"
30,IndusInd Eazydiner Credit Card,https://static.wixstatic.com/media/2a565f_cee9b198096f441e95ef2459e410ec02~mv2.webp,Accor hotel vouchers worth Rs
31,Karnataka Bank SBI Card Prime,https://static.wixstatic.com/media/2a565f_174b7bc8b4454198865da255b852ea0e~mv2.webp,"PostCard hotel voucher worth INR 5,000"
32,City Union Bank SBI Card Prime,https://static.wixstatic.com/media/f836e8_81e6e605a4f8468fa2bec9a45020c79e~mv2.webp,"Welcome Benefit : Users will get a voucher worth INR 3,000 from &nbsp;one of the following brands: Bata/Hush Puppies, Pantaloons,&nbsp;Aditya Birla Fashion, Shoppers Stop and Yatra; Gift voucher worth INR 7,000 from Yatra"
33,SBI Card Elite,https://static.wixstatic.com/media/f836e8_bbc6260e32164f14b72e74fe3cf2756b~mv2.webp,"Welcome Benefit : Users will get a voucher worth INR 3,000 from &nbsp;one of the following brands: Bata/Hush Puppies, Pantaloons,&nbsp;Aditya Birla Fashion, Shoppers Stop and Yatra; Gift voucher worth INR 7,000 from Yatra"
34,PNB EMT Rupay Platinum Credit Card,https://static.wixstatic.com/media/200895_ba0507fb06974c77a988e7be3a2e9401~mv2.jpg,"5,000 which can be redeemed for various brands like Yatra, Hush Puppies/Bata, Pantaloons,&nbsp;Aditya Birla Fashion, and Shoppers Stop"
35,Karur Vysya Bank SBI Platinum Credit Card,https://static.wixstatic.com/media/f836e8_d61f643302bd4cf2b776e1539da50cc4~mv2.webp,"5,000 on domestic hotel bookings; 10,000 on international hotel bookings"
36,UCO Bank SBI Card Prime,https://static.wixstatic.com/media/2a565f_bf006c87665142f0b0da945afd1aa20f~mv2.webp,"Welcome Benefit:  Users will get vouchers worth INR 3,000 from any of the following brands: Bata/Hush Puppies, Aditya Birla Fashion, Westside, Shoppers Stop and Yatra"
37,Intermiles Amex Voyage Credit Card,https://static.wixstatic.com/media/257766_ad98660b54704119b11f22cc79793131~mv2.png,"3,000 from any of the following brands: Bata/Hush Puppies, Aditya Birla Fashion, Pantaloons, Shoppers Stop and Yatra; 7,000 from Yatra"
38,Axis Bank Shoppers Stop Credit Card,"data:image/jpeg;base64,/9j/4AAQSkZJRgABAQAAAQABAAD/2wCEAAkGBxIREhUSEg8WFRUWFxcXGRcXFRcVGRkXGB4YGBgYGRgaHSggGxolHhoYITEhJSkrLi4uGB8zODMuNygtLisBCgoKDg0OGhAQGy0lHyYvLTAvLS0wKy0rLS8rLS0tLS4tNi0tLS0vLi8tLS0tLS0tKy01LS0tLS0tLS0tLS0tLf/AABEIAKgBLAMBIgACEQEDEQH/xAAcAAEAAgMBAQEAAAAAAAAAAAAABQYDBAcCAQj/xABBEAACAQIEBAMECQEHAgcAAAABAhEAAwQSITEFE0FRBiJhMnGBkQcUQlKhscHR8CMVM1NicpPhgpIkNENkstPi/8QAGgEBAAMBAQEAAAAAAAAAAAAAAAEDBAIFBv/EADARAAICAQMBBgQGAwEAAAAAAAABAgMRBCExEgUTIkFxgRRRkaEzQmGx0fCC4fEy/9oADAMBAAIRAxEAPwDic0pV++iDwUeI4oXLqThrBDXJGjtutsdDsCw7e8UBQiIr5XXfp/8ACduxdt460FUX2yXEGk3QCwuBfUA5j3A+9XIqAUqS4pwLEYa3Yu3rRRMQnMtMeqz+BiGjswNSWI8EYxBcdlti1bsrfN7mA2mtv7GRx7TMQQFGpINAVulWlfAWMzMHNm0qWrV57ty8qW1S9ItAsftMQREdKgOIYF7N5rLFCytlJR1uKSYiHUkEa0Bq0qyeI/BGMwKNcvLbZFuC05t3Vucu4RmCuBqpIIOvcd6jcfwLEWMPYxNy0VtYjMbba65DBntO47jWgI2lSviDw7icCU+sWiouIHtuNUdSAfK3cSJG4kdxUjivAmOQ3V5QdrN63YZUbOxuXFzqFA3EbnpQFZpW9xrhb4W6bNxrbOvtC24uBW6oWGmYdQNq0aAUpSgFKUoBSlKAUrc4PYtXMRZt37vKtNcRblz7qEgM3wHWpzj/AAM4S3d+sYJrTkr9Xu2ne5YcFvMOYWZWOUGIPeRtAFXpUti/D1y2mGuNftZcVPLjmaANkJcZNIbTSaXfDd8X8Rhw6McMHN64C3LQWzlaSVBPm0EAySImgImlSDcFuGzcxFq6l23aKC4ULApnMKSrqpyk6SARJA61vr4PvsEyXrLtcw7YlEBuBmtIbgYy1sLmHLfQnpQEBSp7AeEb15cOyX7M4o3BaQm4GLW4zISbeUHUDUwe9auF4C72FxBv2kRrrWvNzSwdFDnMFtnTKQZoCLpUjgOCNdS+/wBYtKuHAL5jcMqXW0GXIjSMzL+de38OXxft4cZWa7bW6hXMwa2yG4GAC5/ZB8uXNIiKAi6Vmx2ENrL/AFUcMCfLm0glSGDKCDp1FS3hHhC4vnoCrXxbBsWXfli6+ZQwDSJYJmIWQSe8EECDpUzxbhoW5btNabCXRbY3lv5woZc5BSQWysoWBqZMSax4/gDWQhfFWf6lnnoJuyyeaACbYAY5CACR070BFUqVxXh+5ZZbd+9atXWVG5bl8yi4AVz5UIQwQYYgidYr3hfDGIa9iMO7LZuYZLly4tzP7NoFngorToJHeRE0BD0rf4vwa7heUbhVlvWhdtspJDISROoBBkHQgVoUBt8J4bdxV63h7K5rlxgqj1PU9gBJJ6AGv1l4Q4BZ4VgksBlAtqXu3DChniblxj0Gmk7KAOlcK+iDj3DOHNcxOLuP9YMpbVbbMEt6ZmkaZmOnoB6mp36U/pXs4vDfVcAzxdkXnZShCaeRZ+9rPpp1oDa8ZeFMf4guJjMNiMKcJljDg3LgIX7ZccvS4WGo6ZQOk1zy74aXhvEEscWDCyoFxuUC4urEgIfKYLeUnSINT/0QfSInDTcsYpm+rP51KqXKXNJgfdYb+oHc1MfSt4x4RxTCjlXH+s2jmtE2WEgxnQnoCNfeBQEFxXx9h+I2L+GxWG5Ct/Vs3Ed73LvIFVFCNotsoCpC6dYmvOP8V4C7hG4UBeXC2ratYv8Am5hxIzMxuWs0cpixAX7MTudOd0oDqN7xrhLl4vbxmJwrfVcNZFxbS3rRNueYl3Dt7Y10M99O9L8X8Sw1/GvewtjlWSUhcoSSoAZ8i6JmIJyioKlAde8R+N+GYw3rd+9euWL16zdVFwtu0bHLjmNzFbNdd1GQE7BvSoriP0g4XG27+Fv4LkWLijlMjNc5D2ly2MtswqrAysEiQTXNqUB0fj/0jJcuWkW19YwZw1i1ew99SBzLeYM9ozNu5BgOvpMwIkn+lKxbbG3bNtmOJv2X5bgrNnlC3eQuplH3AYdQDqNK5NSgJLxAuEF4nBNcNlgGAurDoTvbJk5o+91mo2lKAUpSgFKUoBSlKA3ODX7Vu/be/a5tpWl0EeZeo12qU4fxtMPhMTh0u3bq4i2F5ToFtI4e23NjOZcKpAIAgkTtFV+lAWvE+J05GBs22ur9WDC4ciQ2Z8/l8/TbWK+X/FCfWOIsqObGP5sghVdCz822QMxBytAOuoJ20qq0oCascSs2MLicPaD3HxPKUu6i2Et23F0gKGaWLKmp0gHvWXjXHs9vDJh7l1Dawpw1yQEzqblxzqrklSHAKnt61AUoCwX+P5cJhLWHuXbd6x9YzOAEBF/LIVgxOmUjYSDX3BcbtpgBhQ91HN67cZhaRlKXLa2igm4DMA66b1XqUBY+G8Xw2H+uC0t0LdFtbIe3buQLV61eBugvBnlwQAR5vhTinGrF7FLjF59q6y5nCH+7vhCFey/MzZA2QhTsARMRVcivsUBN+KONjFrZmbl5M+e+1tLb3Q2XIGCk5isN5mJJzVocOewLV23eRszm2bdxQp5eUnPKkjMCDEAjWD0g6VKAmfEPGOfZw9nmXLvI5g5t0Q5VyuW2PMxyLl0BO7ttXzxNxG1iFwwtcybGHSwc6KslWdswhzp5tvSoelAWDj/FcPjsR9au8y27LaF1ERWVmRQjFGLgqCFBggwSdTW8PFyXcbjcXfRl+s2L1hVtqrZBct8pJLMJyqFk9ddqqNKAy4nFXLhBuXGfKoRcxnKi+yoH2VHYaVipSgFK+19AoSeaV6YV8igPlKUoQKUpQClKUApSlAKUpQClKUApSlAKUrJbw7t7Ntj7lJ/IUJSb4MdK+upG4I94j86+UApSlCBSlKA+gVkS1PUD36V8tLU3w7hecqSkrHmKiOhOmm+x3H40La63Jkfbwq5MxYQIBImdQdBpFZLuBOZhouWJkempAIECZ1PUgVYcHwYBdBnJAJQW2IMHUkkkxPUKT8dK1xwhmvAQxYquXLbFy2NFMQw0BJGvqTJoXOmS8iv3bI2jXfcHy7aZRqZE6aRWsV9KteI4YYFocoscjFwIKkKALYIOoAJWPNqkkmRERc4W8xpv0GXbXUHbcdqHMqJfIistea2rmHYbj8Pd6VgYUKZRaPFKUocClKUB9isiIfuzIMfCddPcflX02+pBivdtCRAGY5py9IA3Omn/AHfDrQ7wfTZAg5t+pEaeo7+6sbLH6aR/PxrdwFkMsKYOg0ge1OsN/lkaRv1rCi5hIkj1Py9Nv1oWKOTTYRWz/Z17/Auf7b/tXa/og8N27WHTGHDJcvXCxV3ceRASqhBlOU6STvrvXR8TiLoUs1pQAJJ5uw/7KyT1XTLCWfc46D8ltgbo3s3B/wBDftX36he/wbn/AGN+1fpniOGxF8W25At5HV4e4JIUgxoDEgdfiK93je/wV/3f/wA1w9Y/l9zpVJ+Z+Xrth09pGWfvKR+dY6/SmOw7XFKXMOjqd1ZwwPvBWuE+NuCjB4trSrlQqHVcxbKpnSTqYIPwq6nUd48YwROvpWSBpSlaCoUpSgFKUoBVg8N+FL2LBuAZbQ+13jfL7u9Q+Aw3Nu27QMG46JPbMQs/jXecVaWxhmtWRlCKUUDsBp895ob9Bp1bPMt0jleKuYbB6KgZ/cGPvk7Vov4rv9DA/wBRH5RUJiGYuxb2iTPvrHUtk39oWOWK/DHyS2J0eJrjaXBnHYgN+DD9a9omFxGy8tv8unzQ6fKq/X0UycR1s+LEpL9STxXAbyaqvMXoU1/Des2N4SLWGDsDzCVnU6T0jatnw/xczy3PuPf/AJ/Ot7xT/cH/AFLU4WMm+Om00qJ3V54ez8mU6gpSuTwyT4PZDvBIj1PQAk+7aPj6VfuBcKY5YIgkkyD5ZPsj0ygHrrXPcBiCrKTrqAJ1EV1/gts5VhgFIBBmd+s1KR7fZ1cJwbfKJzAcLwlu2f6D3T5gQztGoM+QGPTbURvXnF2cJH/lOUUU5ChKx1UAbSSS0dhMVB4ziFyxcWXIGcd5Gby5p+J91TGE4m7FmZw4zCFkmDoJ1/m/XSmDTPT4eefdlc4nw7lrltl480IyKxYuRm8+zSQZBAgrPaoNsKU0ZYIO/tAtuTmDGRE6jv66dB47w+w6lg4aYOU6CCMsjrr2O+hrn3G1xODJazcc2mMMJ0IjKM3fQtqdsx9aFbUVDqwaTYRHtvCksSCGnQDqAu5aSB89OtQmI4USMykH0G+UbnTTv8B76t/BMbh8WAt91DqpObK3mJg5VHUjQajcMQSN8t7g5MQQVKsF1jURmBB2J12I7VBnlXGa23OcYjDFSNN4juZ1B+IIPxrAyEVdMfwoA+wRGYZiFHQeafSWOuumkTFQuIwS5Sy2m0OhYFQRHm1aQXBjQbTtQw2UYZBUr24rzQzEmtjMBC/PsJ0Hbckx+lb2DwQYNvMKVZVWFfMDqWiJGaGGaJAjXTBg765hnAidRIMgakCBvAFTtxgEDo9zKABl8uYq0yzR5R/eEANPtNI3oejGqMo5yQxtLmWFTzMMpRs+hKz5U1AyeUjUyDHtGc3DMO10NczgLMnQnJ9qDI13G2aSfeakLua1dZLYXLc8qkMywQ2ZmzOcysykrMxL+gjJw7E2bT3LZUWxbuZSoBBbK0GTmJI+PfaKCivx4kdU8CtiLeCs20tWiFDAZrzKdHbcC0QD8asNzE3oU3bVsW1YO+S6zmFkg5TbWQGysdfs7Haq74aLrh0W2yZAXy5g0xmaJiKl3e4ci3CmRmAYKGE6GASfsloHrMda8ef4j9WVWR3ZZ3QGoribFIVFDXGPlUkgQCMzEhTCgHeNyBuRW7ZvVi4pbnI6EC4GCrOxDlc6kdQQs/8ASD0qpcle6IO6uJ/wbP8Avv8A/TVZ4j4Ss4y+13E+R1CqOW7NAAJBkqvUmrzesYjva+T/AL1TOO8VeziGtM6qxVG8sxBkDf3Gtek/E9jVpod7NRIbEfRJhHB+rYsm5926YE+h/euceJvCt7BMVu22Qj7w0O3sGIYanr0rpmK57edGzfnWBvEPMX6vjrXOtH7Le2p+9bboa9TpNtnZixth/Z/wcZpVo8YeF/q39ew/NwznS51Un7FwD2W9dj+FVqzbzMFHUxXJ4c65Ql0vkz4LAXLp8i6dSdhUxd4bhrDEXLoYFZUjUg66FP4NRVowuC+r2AwtHfSRbYH2YjQlhp6e0ddq59xHENcuu7Eklm399DTOtURTayyStcYs23DJhhKsGB0B07b9fj610r+0+daaGmQHQ9x29dNPhXGql+DcdfDjJ7STMbFT1Kn9KlGnQa9VzxZw/sSnE8KrMWCAnqD+netAX7anzYNCJmAdY7bflFTVvH2L/wBoE+vlPy/as/8AYS3fZuqD2fT8RXTWTddpFc3Opp/QjjxHhzaNgAm32ri9emUnoBqT1+J94fhGAv8A929y2Y+yy3RPubKfma2Lvhd13EjurBga9WfCkkf0zPRlJUj5VGCiGis/NCLX0/YjbvgvEqc1hluka5VOS4I65Gif+kmvXF8QpwpRzkvK6DlNIaNzKnURtr6VbcMt+0At0c5Br5oS6nSVcQGPoYPrXviTWMQsYhBftjTmAZb9r3nf9PfTBb8G4RlGrbqWMPj2aOTUq48T8BuQbmCuDEW/uyBdHoRsfw91VK/Ya2xV0ZGG6sCpHwNcnhW0zreJrB4DVdvC/i4qvJuHb2W7HeD6VSK+qe1DvTamdE+qP0Ox3sSmMtiD54Px9J/Wq9jcbewxBmMpgmI9zbwOomq7wfiT2ysMRsR6HcfjV6x5TF2RciGIKsOxG/6H4V1nJ9HXar630bP+/Y98C48L5CO8azJM7A7qOp2nXpU1ibSXwyOjeVQpjQjQLA2mQQNpM61yfCYg2bs7EEg6djqKv/DcbbKrkHmUAMY3O0Ek7SCAV7+6o5KK7e8W/JCeKPBtzDk3bHmRVDkFtR0KkEeu2/lPStfhvigEDny59nbMxEFfKSCAOvaNNN6uGLx1xS3LtqUYDMLk6hAJEDUA+bX0ExtVM8TYJAM+Hs8uSrspIV7bKoBUKuyazJj8KgzTh05cPoWFbJxQVoUSPLncOroIkf6iRk2AGZYI0qE43wxRZTNmVSz5EQoitLOIAzQXU8slm1I0maiOAcV5DBXDBQH1RczBypXUZhKyQCumhPpVjXEtiLQW5JtgRlQKTbgGbhtgxpv8Z0yihS3GxfJlLxCpcnlqApIAYt5sxgjQLtuNum4qLyeo+cfnV1xvDVUHKhBXKw5bB/MwkMrEjqV8sH2twRVSv4YhiJUwYldAY0kabfAUMdtTi9z3grmVwRcydAZgCRBMjbSdRV3wGIy8plPJILEZ4BBEgqXBLNmzJrCgZu0iqDhYkZoykwZ7ddeh1/Kpaxirls/02CghlPlMqkjQmDIywep1ah3Rd0lo4zDB2dACLYtlDOHFttM8Bs2fouigEMDKkCazhMWtu7mNsaNJDRGXopVhMepO0VcsGiXbQN4DnMyIpzFVyNmgT3gMCskyDptEd4w4W0vcd1zgqplspyCVBCyy6BQCSerb0NMk344+pc/CHFWewq2VtuF0lrjIZOpEC2w0JI36dKsRu4hlKmxZIP8A7i4PiDydD61xvw5xW3h2RbltnBzK7rmzGfZNuSMpG8jXSulYTDusMt+7dGWfNcbTNOWfMATEH16Vjs0nVLqidKrvN0yc/tTFWQguWrLl3FsEXnGrezmHKj3kfAdKkbT4wuHa1hzlkoov3AFJEEk8ky0EidNGOlUTib3eXBuXM+jJJueUjZ5JMb+vTaqVivEnELd0qcbe0O3MaCPj3H51z8I/0+5XbpnHdvY7+2JxcEmxhwAJJOKuAAdz/wCHrgnj/jv1vGtcQqFVVtg23Lq2SSWViqkiWI26VZ7uKuY3Cspvu7ABgC7ENHmAidZEVzXiWHZCdNxIq6nT928sss0s6F1Zz6Fk8Mcf5bZXuGPU10NcDh8aoh0c91IDCuA5z3r6l1lMhiCOoJBrTkhdqS6Umvc6zxbg1/B5tObZYQ6nVWXs69D2aqPi+Ei1cW/ZlrGYSDq1sz7LwQSvZhHvG9b3AvpFxdmLd8/WLWxD+2B6PufcZqw2Fw+MBu4Fxmjz4d4BI6jL1HukVOcl8bKdWlnaS4JbhuGw7AFldgcp1YMIAKoNtI8x26j41Hxf4ctM5fDDltrnRiSCR9oGP56bmZsMyhmRCSPaWJuIR17svrqfxrPgrtq6JzaGIKkTPc/j23pg3fCV2RcJ8/3c5XiMHcQw1sj4VgrquMwGGI8t2Ce4MdxuJ7VDtwPDufM6A9zK/jTpPOs7HlzCX1KFWzYx91PZuMPSZHyNWnF+CxBa3ckejBx+9V/F8EvW9cuYd11/DeowzJPRamjxJP1X+jPZ8R3h7UH8DUtgPFWX7bKdtdgP5pVRNfKZZEO0NRH82fU6vhOKtfEDz+oA6dZGoAk9e1bGKwDBAywGMEHb2oEMYMj0PY6da5x4X442EvK8ZknzIT8JHYiuknxEbyFC1u2VUgyv2TqSABBJGg7Eg9zU5PWp16tr4w/MrnCuJnmFbTcrEqSDbmFeNyk6Sd8p/wCatdni+ExY5ePwqFh5czJt6ZvaT51yTi98tfZ51ka6A6AAHTroNqtPh3xDZvxZxxKvsmJA/C8PtDYZgJ796jPzM1eshNuu72ZcMX9H3DWGa0HWdv6hYVRuPeHRYPl1Wrg+AxeEhlabbahlOe2w6EGtlcbzRlu2de8VPSb46OqUdkvU5cF/Srx4etMSRGhUN8dvyqWTwul0gi3A91Tn9lraU5QJiPcP3pwKKo0N75ycp8UYI272cDRgrDvJAJ92tYeFcXyHzE6djvuCNdjsZ12+BlvGV0PcCqrQNJ7hQRpGkEqflVRyDcH161yzytRPoubh8y+L4kXlrL+2crqIBVF1BJA3OozDeDPrvXuIi+ylgiMLeQwsAyTC5CYmNPLBiRroK50QYkdNKsfAsc7LkkkmCICeVUJcsRoZAzano3oKlMuqv6peI0OKgqxY2yiZxvrqvtHbYgjQdI3ipjh+ORbyWnS04tZgMhtqrliwLdCwUCNWDAfCs3GMSXVmgM3mbJqonKAzrB1GomIn3VCXcaIUMoVyTdZmAC5mHL9ghsw0MmCfaME1BTdiuexNi8xLlbfLZf6ce26tAX+nEaHciABlmSdqri+HlWIuEIw+zkJ+Zka/P3mptn8q3GBLkZGJJyywzAEgAAiRAGnb2gKizfU+0RO3s5h8DB/PeaCcoTiskAKkMFj7iQEfJpBZZUwdPMV1MDb/AJNR1erbwZoeZGWGW7CY3IttdXJZnbmlwsONCD5Qcwz6uNOnUGyYRw4C5gzTC6EZSwIYAyQXgTOxnYamufYfiLCJY6RtpImcs9Br0ipvhnEiQMzBfMvU7kzmIAb19JO0TQ9CixLgm/EHAjekkZZMgMdSdZgE9DA312E1oeG/E97CTZu6hjEMSAu2w2A06aDKNq3+GcXa04yyWLSUKg6kkEaiJ+PQ9pr3xzCLiWJa4tu4xzOGlWZ9fafLpAIkKdZE9CBoxl9UOS3WGR1N4ArIByksNCYbr5kie3TpVe494b5vnVDLfZAEySdFkmVGmprX4E17DDlXPOuwKxcEglsogR8PXfWr6lxL1pvLlIAbMTl1I8z/AOqB10GtSa3Lw+JcnOOFG5hssaRpr2JMft7jUrxLgq4i2LgXQxI7ddPnNTHFeFM6uDbghIVoMkkEgyB3Hw+dY+DuypBGhBJ7azqJ6bb/ADro1xacelbo5P4i4G+FfUeU6qe4qHrqfjQi5ZZSuqyRPaBMd/5rXL7n5Vyz57X6dU2eHh7nitvhJIv2odkPMQZlMMJYAkHoa1Kz4A/1bf8ArT/5CoMcP/S9TpuN8RWrWINvEllIJFvEqoLECIF1VEEEayB8K1eMcMtXlOIsXBbuHe7YabdzXXOoOjHXeNe9RfijAm6uYe0KqOExd2y2a3ca2w6qSDp0Pf3GumsM93W2S01vRZHMfJ8P2ZLYnHYu3IuAMPvZf1EflWuvF26kj8a2LXiq9M3Ut3pOpZcrGfVYHrJBrbHiDAuDzeGAEgeZLmukdCBG3T89ajJglqW3mNj/AMv5NPD4/s3yMfhUthsczHU5u87/APNQV27giPLbuqe2h6bzn767aevX5hsbbRhDNGm+sd/gP0qVIu0+tlGWJP7lh4r4eW/aN60Icbjuex9/f8+lJrsHhlAyPOsggj1XWuf8afDW8TeC2yYuOPTcxGtQ+S3tPT15U4tLPJGcKwLXbigKSCY0GpP3V7k7VbeKcRTDoVSAWQLIyZj5AsaLKrrtI1mRM1WsRxkkBUQBQZAOv4dPnUdevM5LMxJPf5VB5ysjXHEd38zy7Ekk7mvNKUMpcPB/ja/g5TmBrZ3t3Fzp8pkHYSP0rpWA8YcJvJnuqcM0wSslCe8dP+a4LX2aGqGrnFYP0I3jLhqrK4vONf8AL+h+dVHxR9INtlCYUTMzOkaSYG5MRrpG1cpzaR/P5rXrNJHp+VMnfxslwtzfxmOzsWyglpOsREmDPfX5aHasXN7nTUg5RvBj3A+n4wK0w3XrXrP0/froaGV2NvLM1276yOnu9R/N6z2rg0PbvqPTQ1o16D1BMbGnklrmLLJlzHaI0I7aKPQb6bV8tXiAHTKCAoyrAYFcwDSPt69QZkd4qP5m38+dbKuw0bMV0A9PtwAf80H4VJa5dW57bEyuX7WnkMwFthivmJ2CyAPU61H3Lx6mdPy019azB8sEzO+kAEMGnaDroO3tadK12fXRjHTpp00oUuR4pUz4Z4F9dd7Yvi2yoXClLlwuFBZgoQEkgDbcz6GsfiPgjYO4iM+bPbW4PI9sgEssMjgMp8pOo1BBGhFCsiqy27xH8/nrWKvooSm1wS+Gx50Jc+o28vYHoPdVhTF22ZittEBGirJGuhGu+nf1qlI8VsW8QVOh+O34D+bUNdWoxyXvB4piWi4QugZcxVWUAgKZlSIJ0MSIG2lWnhPFLZJS8WVbeV5tsbiCdt4ZCTBI12O1cq4bjmzAG9kDkBn1WJgCTsFBG+w7VJ3uO5VKaBQpGa3cCux8wW4M3myxmXJOxUnYZmTT8UsHZMMLQAycQtlWUMA7QxWCJgxodRG2lRvGuKWEDG3eF46KcgJE7Tm23/Sud4Piz8tXnKsakwLjAmZGYqMsCfag776DFiuLghoZi0AFXZSxIMdJnbXQjX0oWV6lZzk3fEHEQ4824TUaCGkhVk+0CNe+oqg4jfTaT/PlUjj8aWjSDDE6RqSREgCdI1PrUUzTQx6vUd60eaz4H+9t/wCtPzFYKzYNgtxCTADKT7gRNDLW/EvU6NcGpqv8Y4EH8yaGo/xHxfmvltOcg6iVk/qKi8PjbtvVLjD46fI6VZKSZ9F2h2pp7ZOtwyl55/b/AKeb+GdPaUj16Vhqat8dzaXrQb/Muh+Wxo4wj7Nl94I/LSuMHjy09ct65r0ezIWtrhuCN5wuw3Y/dXqf2rZ+r4cf+qPmx/QVm/tO3bXLaUn4ZR+5ocwojF5sksfo8lqs8cGGV7k94E6knYVz645YliZJJJPcnU1kxOJa4ZY+4dBWGjJ1mq7+SxwhSlKgxilKUApSlAKUpQClKUABr7XylAeg1elaNumxk6TWOlCcmUtE9zvoKx18r6DQZLN9HRX65D3ERTZuhs4JlSuoSLiEPGoIYERpJ0r19I/DrWHxYW0ZBthiczMSczrmOa7cOoVWHm1UqYE1qeHcTh+ViMPfvGxzuVF4WRe8tsszWiAQwVibbSvW0J0rx4u4laxF5TadrmS0ltrzILbX3WZuMgJgwVTUkkICdTQghKUpQkCvoNfKUBmtXY366HbY9BOx3rYt4vLAIVgI3iAdJ29oQAIO+taNKEqTJMXUATXMVkakrIM7kbaaR+8Vqm4oGWJjrJ30mOnQDbp1rXmvlCXM95ta8UpQ5FKUoBSlKEClKUApSlAKUpQkUpSgFKUoBSlKAUpSgFKUoBSlKAUpSgFKUoC9/RPcQXcQpYBmtyFNrml0VbhuBRy3M+yYA17HppfSaP8AxNognKcOhVSnLKqXuacvImTWTGXWZ1BmsH0cWkbHKXtLcCpccKxT2lEgqr+R37KxA9QQK9fSQ6HGEphjZBQGCLYLyzwxW0So0hN5OSTqTQgq1KUoBSlKAUpSgFKUoBSlKAUpSgFKUoBSlKAUpSgFKUoBSlKAUpSgFKUoBSlKAUpSgFKUoBSlKAUpSgJ/w5i8PycThr95rAv8o81bQveW2XJtMshgrEo0qd7YnQ1j8W8St4i8jW2Z8lpLbXnQW3vMk/1GQExoVQSSSEBOpNfKUBC0pSgFKUoBSlKAUpSgFKUoBSlKAUpSgFKUoBSlKAUpSgFKUoBSlKAUpSgFKUoBSlKAUpSgFKUoBSlKEn//2Q==",Hotel discount voucher worth INR 1500 on booking hotels
39,Adani One ICICI Signature Credit Card ,https://static.wixstatic.com/media/2a565f_e03c799a44144daaae840367dca3c069~mv2.png,"This credit card provides discounts on Wednesday on platforms like Swiggy, Zomato, MakeMyTrip, and Amazon Fresh"
40,CUB SBI Prime Card,https://static.wixstatic.com/media/200895_886dc5ec2a10491b855537ad71e10e1a~mv2.jpeg,"Welcome Benefit : Users will get a Hotel voucher worth Rs 2,000 on card activation, a Holiday voucher worth Rs"
41,Standard Chartered Easemytrip Credit Card,https://static.wixstatic.com/media/2a565f_daba8d422c5a4d5082eba479c92f5562~mv2.webp,"3,000 from any of the following brands ? Yatra; 50,000 in a calendar quarter, Yatra"
42,Central Bank of India SBI Prime Card ,https://static.wixstatic.com/media/f836e8_1e8e5c696ddf4253a21ba905a018f58b~mv2.webp,Reward System : Users will get a 20% flat discount on domestic &amp; international hotel bookings(Capped at INR 5000 and Rs 10000 respectively)
43,Club Vistara SBI Card Prime,https://static.wixstatic.com/media/f836e8_2a2585523b48486187d6c84df2c63edc~mv2.webp,"Welcome Benefit: Users will get a voucher worth INR 3,000 from &nbsp;one of the following brands: Bata/Hush Puppies, Pantaloons,&nbsp;Aditya Birla Fashion, Shoppers Stop and Yatra; Gift voucher worth INR 7,000 from Yatra"
44,Central Bank of India SBI Elite Credit Card,https://static.wixstatic.com/media/f836e8_8a26890dfe214ea29f139e69d419a633~mv2.webp,2500 of MakeMyTrip/Reliance Digital on Quarterly spends of Rs 2
45,Federal Bank AmpliFi Credit Card,https://static.wixstatic.com/media/2a565f_943529df826b470a82916e7463f0ad4e~mv2.webp,"5 lakhs, INR 5 lakhs and a hotel voucher from Yatra worth INR 5,000 on reaching annual spending of INR 5 lakhs"
46,Adani One ICICI Platinum Credit Card ,https://static.wixstatic.com/media/200895_18861ba1815c47efbdde86bf359c284b~mv2.png,"Welcome Benefit:  Users will get a welcome gift voucher worth INR 5,000 from any of the following brands: Bata/Hush Puppies, Aditya Birla Fashion, Pantaloons, Shoppers Stop and Yatra"
47,Indusind Pioneer Heritage Credit Card,https://static.wixstatic.com/media/257766_4441b6df48b14dfbb87d689466dd0958~mv2.jpg,2000; and a MakeMyTrip Gift card worth Rs
48,South Indian Bank SBI Platinum Credit Card,https://static.wixstatic.com/media/f836e8_7016df0b60d747bb894f4a84fc649867~mv2.webp,"Welcome Benefit : Hotel voucher worth Rs 1,000 on card activation"
49,HDFC All Miles Credit Card,https://static.wixstatic.com/media/2a565f_a0243c8c4f1241cf8293aabf10f153d2~mv2.webp,Free one-night hotel stays at select Mastercard partner hotels
50,RBL Bank iGlobe Credit Card ,https://static.wixstatic.com/media/200895_0e74a9a322224fac8596543f6180c9a0~mv2.jpeg,"Welcome Benefit:  Users will get a voucher worth INR 3,000 from any of the following brands: Bata/Hush Puppies, Aditya Birla Fashion, Westside, Shoppers Stop and Yatra"
51,Yatra SBI Card,https://static.wixstatic.com/media/f836e8_7a554347c6e740f89c5bf9df9c1e21c7~mv2.webp,"150 on shopping, mobile recharge, or hotel bookings"
52,BPCL SBI Card Octane,https://static.wixstatic.com/media/f836e8_b94501f405e048908f3b6e299defc4c1~mv2.webp,"Welcome Benefit: Cardholders get a MakeMyTrip voucher worth INR 3,000 as a welcome gift"
53,Tata Croma Card Select,https://static.wixstatic.com/media/2a565f_2800a7c1b5c5425b8904c7125d99c1cc~mv2.webp,Welcome Benefit: Users will get Yatra
54,HDFC Bank Biz Power Credit Card,https://www.rupay.co.in/images/rupay/rupay-credit-card-digital-onboarding/BizPower-card.png,"Users will get &nbsp;free gift vouchers worth INR 2,000 from Aditya Birla Fashion Or Yatra Or Bata/Hush Puppies on annual spends of INR 3 Lakhs"
55,KVB SBI Signature Card,https://static.wixstatic.com/media/f836e8_d4410af1bfec49789e216997abf24bd3~mv2.webp,"3,000 from any of the following brands: Yatra, Hush Puppies / Bata, Aditya Birla Fashion, Westside"
56,Karnataka Bank SBI Card Prime,https://static.wixstatic.com/media/2a565f_174b7bc8b4454198865da255b852ea0e~mv2.webp,2500 of MakeMyTrip/Reliance Digital on Quarterly spends of Rs 2
57,UCO Bank SBI Card Elite,https://static.wixstatic.com/media/2a565f_fcdf133ef63341aeabde97c59169fb9e~mv2.webp,"Welcome Benefit:  Users will get voucher worth INR 5,000 from any of the following brands: Bata/Hush Puppies, Aditya Birla Fashion, Westside, Shoppers Stop and Yatra"
58,SBI Card Prime Advantage ,https://static.wixstatic.com/media/f836e8_9ee484c302f249eba4d4561428dbe04d~mv2.webp,"Customers can get offers on Pizza Hut, yatra"
59,Federal Bank MagniFi Credit Card ,https://static.wixstatic.com/media/2a565f_cce93c2d100142c68d7f5e1342e41733~mv2.webp,"Welcome Benefit: Users will get a welcome gift voucher worth INR 5,000 from any of the following brands: Bata/Hush Puppies, Aditya Birla Fashion, Pantaloons, Shoppers Stop and Yatra"
60,PSB SBI Card Prime,https://static.wixstatic.com/media/f836e8_c24a2c14001d4ef680363b5ce46aed8c~mv2.webp,"Welcome Benefit: Users will get gift vouchers worth INR 3,000 from one of the following brands: Bata/Hush Puppies, Pantaloons,&nbsp;Aditya Birla Fashion, Shoppers Stop and Yatra; Gift voucher worth INR 7,000 from Yatra"
61,SBI Card Prime,https://static.wixstatic.com/media/f836e8_9ee484c302f249eba4d4561428dbe04d~mv2.webp,"4x rewards on weekends on selected brands (Flipkart, Uber, Makemytrip and Urban Company) i; You can also earn 4X rewards on spending during weekends on brands like Flipkart, Urban Company, MakeMyTrip and Uber"
62,RBL Bank World Safari Credit Card,https://static.wixstatic.com/media/f836e8_01deb1a92b18461fbacf29f472ac15ec~mv2.webp,"Welcome Benefit : Users will get a voucher worth INR 3,000 from &nbsp;one of the following brands: Bata/Hush Puppies, Pantaloons,&nbsp;Aditya Birla Fashion, Shoppers Stop and Yatra; Gift voucher worth INR 7,000 from Yatra"
63,Axis Bank My Wings Credit Card,https://static.wixstatic.com/media/f836e8_208592a95cb24c688017979443e4784e~mv2.webp,"Welcome Benefit: Users will get a gift voucher worth INR 3,000 from &nbsp;one of the following brands: Bata/Hush Puppies, Pantaloons,&nbsp;Aditya Birla Fashion, Shoppers Stop and Yatra; Gift voucher worth INR 7,000 from Yatra"
64,Bandhan Bank Plus Credit Card,https://static.wixstatic.com/media/2a565f_564ef4cfe24f4add93acb442c51a169f~mv2.webp,"Welcome Benefit: Users will gets a MakeMyTrip voucher worth INR 3000/- as a welcome gift; 5 lakhs in a year from a variety of premium brands, including Taj Experiences, Amazon, Croma, Myntra, and Makemytrip"
65,,"https://static.wixstatic.com/media/f836e8_34c34d2b68c04806918bfa4257a6e173~mv2.webp/v1/fill/w_190,h_121,al_c,q_80,blur_3,enc_avif,quality_auto/Swigggy%20CC.webp","1,500 cashback on international hotel bookings of Rs"
66,,"https://static.wixstatic.com/media/2a565f_564ef4cfe24f4add93acb442c51a169f~mv2.webp/v1/fill/w_78,h_50,al_c,q_80,usm_0.66_1.00_0.01,blur_2,enc_avif,quality_auto/Capture.webp",Welcome Benefit: Users will get MakeMyTrip cashback of INR 3000 as a joining benefit
